text,topic,label
"Write a short informative paragraph about Climate change.

Actions

(1) If the statement is not true, the statement is ambiguous or misleading.

(2) The first sentence of a statement is not used to indicate that it is true.

(3) The second sentence is not used to indicate that a statement is false.

(4) If you make a statement that is true, it is ambiguous or misleading. It is not a factual statement.

(B) If you find another statement about the climate is untrue, it is misleading.

(2) A person may not be",Climate change,ai
"Write a short informative paragraph about Artificial intelligence. Your browser does not support HTML5 video tag.Click here to view original GIF

As you can see in the screenshot below, the machine is only running on a small number of CPU cores.

Advertisement

So how does the machine handle your AI?

The machine comes with a bunch of RAM and a large number of memory. The machine uses the CPU to process your AI; an Intel Core 2 Duo or 8600 MHz processor can run very slowly, but you can still run the machine on a very conservative run.

In other words, in a good run,",Artificial intelligence,ai
"Write a short informative paragraph about History of India. You should read it. Read it again. The problem is: the author failed to write this. He never wrote it. But you should read it. The problem is: the author did not have a single sentence to explain the historical history of India in his short story. This has been the main problem with Indian history as an oral history . It is difficult to know what was in the story unless you read the entire story. So, it is hard to judge whether this was the most honest or the least honest of the long literary histories of India. In fact, the one that you should read",History of India,ai
"Write a short informative paragraph about Space exploration. A short informative paragraph about Space exploration.

I am not a scientific person, and I am not a man. My interest in space is primarily in the exploration of outer space, but I do still think that there is an enormous amount to learn, both from scientific literature and even from other fields.

The first part of my ""Science 101"" class has taught me so much about space, that my students want to keep reading them. But I don't want to teach me to be arrogant, and I don't need to say much about space, and I've taken it that far",Space exploration,ai
"Write a short informative paragraph about Healthy eating. A brief article about the effects of obesity on the body and body composition. A short article about the health benefits of weight loss. A short article concerning the effects of the treatment of obesity on bone and joints. A short article describing why weight loss is the greatest health priority in the United States.

A summary of the main findings and recommendations from this study.

Results of the current meta-analysis are presented and discussed, including the meta-analyses:

Citation: E. C. Mihaelovic, N. M. Lister, R. V. D",Healthy eating,ai
"Write a short informative paragraph about Cricket. Click to Tweet

Brickstuddler: I know, but you're not gonna stop me.

T: Right.

B: Yeah. And now you're gonna be talking about that?

T: He's just making this up because somebody said it.

B: (Laughs, goes to the video) It's called this.

T: Yeah, and you're gonna run through it for a while!

B: (Laughs) Yeah. My good friend Jim, he called me a crazy kid when I was a kid, and",Cricket,ai
"Write a short informative paragraph about Renewable energy. You'll hear your point of view. But you need to pay attention to the ""environment"" part.

Why is that important? Well, the EPA did in fact regulate it.

When California was the only state to ban all wind farms, the EPA created a national program called Clean Energy Standard. That meant the power plants would now have to meet minimum safe-range environmental standards (say 50% of their capacity by 2035), then they would be allowed to continue to do so for 10 years.

So in the process of regulating wind farms, we've pushed back against",Renewable energy,ai
"Write a short informative paragraph about Ancient civilizations.

The history of science

Herschel says all scientific ideas were not invented by a single person until around 4000 C.E., when Thomas Szilard created the first known instance of the discovery of life in the universe. That same century he published the first study of the chemical composition of the planet Jupiter using the observations of the comet of 68,000 kilometers.

Szilard's work is regarded as early as 1800 C.E., and the first detailed study of the universe was conducted in 1885 by the American astronomer Samuel Herschel and the German astronomer Gustaf",Ancient civilizations,ai
"Write a short informative paragraph about Social media. Your Facebook account is set to open. When there is no current content from social media sites you won't see all the content you want.

You have an online presence to which social media accounts should subscribe on.

Social media sites with users that have visited a site like Facebook and that's linked from social media sites like Twitter, Google+, Tumblr, or Twitter will be able to reach you, or be able to interact with you without you ever having to visit a site like Facebook.

Social media sites that haven't closed or closed will be able to send you more specific information",Social media,ai
"Write a short informative paragraph about Mental health.

Read the full story »",Mental health,ai
"Write a short informative paragraph about Travel.com. To access all of our major destinations including:

Our New York and Los Angeles destinations with free travel

Our New York and Los Angeles destinations with free travel A full list of our city favorites

Our list of destination restaurants

Our map of our cities

Our list of national and international destinations.",Travel,ai
"Write a short informative paragraph about Cybersecurity.

""If we really had to say, if anyone has a great idea that could put our country at risk, it's you,"" Mr Cameron said.

""If you're concerned about cybersecurity, I think you should think about whether a country is at risk or not.""

Media playback is unsupported on your device Media caption Jeremy Corbyn calls for more ""common sense checks"" in cyber attacks

Security agencies will conduct checks in seven major international organisations - the European Union, UK, US, Germany, France and Norway - for cyber threats.

The government has confirmed to the",Cybersecurity,ai
"Write a short informative paragraph about Wildlife conservation.

Read a short informative paragraph about Wildlife conservation. Share an excellent article, such as ""Roots of the Wild

"" or a book, published by wildlife conservation groups.

Share an excellent article, such as ""Roots of the Wild"" or a book, published by wildlife conservation groups. Discuss wildlife conservation in the news or in the comments below.

Review Wildlife Conservation Articles

Resources on this topic

Waste

What are the impacts of food waste?

How do governments handle waste?

Husking and other social animals

",Wildlife conservation,ai
"Write a short informative paragraph about Online education. A video of a child's speech can be seen on YouTube . The Internet Archive has released an interactive map of English pronunciation from American English. Read more about online learning.

A map of the English language is a series of short, informative videos about English pronunciation. The most effective way to learn English is to use a combination of computer and English words for pronunciation.

You may find this lesson interesting in a way that is not necessary to become proficient at learning French. For example, reading an English translation will be a good alternative to learning French.

I was the first to read",Online education,ai
"Write a short informative paragraph about Startup company.

""What is so exciting about you?"", asked the CEO. ""I am really just here to help people grow.""

He then said he was looking forward to working with me to open a Startup office in Los Angeles with a ""really talented team of people all the while working on our own idea that we would work together to change these problems.

""And because of this, I feel like we can help create more productive software, we can make a difference in how we work, we can move our companies forward and the future of what we do is really exciting.""

",Startup company,ai
"Write a short informative paragraph about Electric vehicles.

As you continue your reading of the current paper, please remember to include both the link and brief summary of the paper in your post.",Electric vehicles,ai
"Write a short informative paragraph about Public health. Do not read it.

""Why Do I Want to Die?"" The question asks ""Why not?"" Let's assume some reasonable, rational answer, assuming you understand what it means to die from an illness that is often misunderstood.

First, what do you think ""death from a disease"" means? Is there so much of it that we can't even talk about?

I'm not saying that death from a disease is not worth doing. There are cases where a person has, or has been taken for, a medical condition that is serious enough to warrant death, and where",Public health,ai
"Write a short informative paragraph about Machine learning. Then, write a summary article or a short statement about Machine learning. Finally, write a reference to the next question.

6. The Best Machine-Learning Solution Works for You

If you read the above paragraph or reference, then you probably think that machine-learning is an essential part of your teaching career. Of course, it isn't.

You probably already have no idea what Machine learning is, or how to make machine learning work. There are many ways to make machine learning work — from your own work to others' training (i.e., to your own classroom",Machine learning,ai
"Write a short informative paragraph about Blockchain.info. How to use https://bitcointalk.org/index.php?topic=115568.0. How to set up your own private key on the new blockchain.

2.2.2 Blockchain.info was acquired by GDAX. I will now provide you additional information on how to register Blockchain.info and how to use blockchain.info. How to set up your own private key on the new blockchain.

2.2.3 You can now build your own private key from scratch. You can also build it using Bitcointalk.",Blockchain,ai
"Write a short informative paragraph about Remote work. Note: If you'd like more information, click on the links below to read the full article:

http://en.wikipedia.org/wiki/How_do_remote_work

http://en.wikipedia.org/wiki/Remote_work

http://en.wikipedia.org/wiki/User_interaction_with_Actors

The following is a very common example of what happens when a remote module runs an action:

The action returns false on success, no errors if it does not, and a message telling the user to abort the",Remote work,ai
"Write a short informative paragraph about Vaccination. (This may or may not be an article published in The New York Times. Use this link to find an article elsewhere.)


Vaccines are not safe in childhood.

Vaccines are not responsible for the spread of diseases in the home, including cancer.

Vaccines are not effective in preventing serious diseases.

Vaccines can be dangerous to your family.

Vaccines must be evaluated by health authorities before being given to you. These include:

Vaccine safety:

You should not use vaccine at any time.
",Vaccination,ai
"Write a short informative paragraph about Digital privacy. https://twitter.com/washingtonpost/status/8241325221828409624 https://twitter.com/washingtonpost/status/82415572650641256 @washingtonpost <a href=""https://twitter.com/washingtonpost"">@washingtonpost</a> and why you are going to take it down. And you should.

If you are not worried about a ""loser"" that is not your husband's spouse or is about to get married, then go for it. If you are about to get",Digital privacy,ai
"Write a short informative paragraph about E-commerce.

Please Note: We do not recommend selling your product when you make a purchase with our merchants.

What we do with you:

With many great websites and mobile applications, we always find ways to bring you the latest and greatest content. We are always looking for people who are passionate about this field.

Who makes the business decisions:

The people who are the customers.

They are the ones we can rely on.

They will help us do what we need the most.

We hope that you see us as your friends.

",E-commerce,ai
"Write a short informative paragraph about World War II.

The best way to learn about the war is by looking into the history of our country. This essay is about the wars in Iraq and Afghanistan. It is a wonderful and important read. It helps you understand what happened in those states and how other nations can do the same.

In this essay, I'll be examining what the American military did to protect women and children, and what other wars did in the decades following that war.

Many of the problems the United States faced to the end of World War II (and subsequent wars) were more insidious, but these problems weren",World War II,ai
"Write a short informative paragraph about Yoga. Write a short informative paragraph about Yoga.

Karen (C:S, AA): This class is for women. You should be able to talk about the various parts of Yoga and what it means to be a lady. We will be using some of the teachings that are given for this class to help them understand and embrace the power of yoga. If you're not comfortable having a talk during your class, call or text us.

In Yoga, there are two concepts in relation to all things: the male and the female. These are:

Male Power (the body's",Yoga,ai
"Write a short informative paragraph about Robotics. To be able to do that you need to write a section in a book about Robotics. They are here: http://www.skepticalscience.com/books/sci-radiology/arbitrary-scientific-methodologies/ If you want to read some of these for free, you could do this but you'd be asking me to pay $6 for it. If you want to read it for free, you could do this but you'd be asking me to pay $12 or less. I might check to see if I can. But if you're having trouble finding people",Robotics,ai
"Write a short informative paragraph about Water scarcity.

This page includes information about:

The effects of drought on water supplies,

the impact of water scarcity on the economy,

the impacts of water scarcity on public health and environmental quality.

The American Water Forum has also included a link to this resource.

References

1. N.G. and D.M. (1987). Land Use Patterns, Growth Rate and the Distribution of Water Resources between 1842 and 1982–The American Water Forum (Washington, DC).

2. D.M. (1987). Water Resources in America:",Water scarcity,ai
"Write a short informative paragraph about Film industry. Read a short informative paragraph about Film industry.

FAA: I know this is an important page. But it is important for us all to understand the problem. To help with this and others who are asking the same question, I am going to explain the situation.",Film industry,ai
"Write a short informative paragraph about Cloud computing.

Cloud

Cloud computing is becoming less and less important with the day-to-day use of computing. This has resulted in it becoming increasingly available to everyone, both public and private, just as it has become increasingly prevalent for data centers. In fact, when it comes to the entire computing world, the world of cloud computing is not just the first stage of a cloud computing revolution. The cloud is really the foundation upon which a large portion of the world might begin. This development is happening right now.

This development is happening because of Cloud computing, and because it is happening",Cloud computing,ai
"Write a short informative paragraph about Sustainable fashion.

If you would like to use our coupon code and get three free rewards, sign up for our blog which will give you three FREE packs on all your purchases, while you have 12 months to save a few hundred dollars. The coupon code is here.

Save

Save Print

Add a link to this post

Share the love: Twitter

Facebook

Google

Pinterest",Sustainable fashion,ai
"Write a short informative paragraph about Nutrition. This one contains some technical stuff — and it's worth reading if you haven't done it already.

One of the things I did was to start with a little background about Nutrition, as I've often done when writing for this blog. This includes a lot of the details of Nutrition, which is especially useful if you are interested in reading the nutritional details and techniques of food.

This first page is an example of a nutrition video, showing what's covered by Nutrition. So it makes a good starting point for understanding how this topic works. We'll skip over some of the technical details",Nutrition,ai
